pitch_type,batted_ball_type,hit_x,hit_y,exit_velocity,launch_angle,outcome,batter_stand,hit_distance,player
FF,line_drive,65.39,77.45000000000002,92.3,15,triple,R,242,trout
FF,fly_ball,-107.26,147.47000000000003,110.3,26,home_run,R,429,trout
FF,fly_ball,49.980000000000004,90.80000000000001,80,46,field_out,R,248,trout
SI,line_drive,-89.48,98.45000000000002,112.1,19,double,R,346,trout
SI,line_drive,-70.76,128.86,108.9,16,field_out,R,349,trout
FF,ground_ball,-9.260000000000005,53.630000000000024,83,-11,field_out,R,15,trout
FF,fly_ball,-117.57000000000001,124.43,106.9,25,home_run,R,403,trout
FT,fly_ball,76.16000000000001,94.93,94.3,49,field_out,R,288,trout
FF,fly_ball,-12.040000000000006,123.08000000000001,102.2,51,field_out,R,296,trout
CU,fly_ball,-52.2,166.60000000000002,107.7,25,home_run,R,413,trout
FF,fly_ball,56.61999999999999,118.18,89.7,36,field_out,R,312,trout
FF,popup,21.89999999999999,-0.8799999999999955,80,69,field_out,R,NA,trout
FF,line_drive,-71.22,76.93,96.1,14,single,R,198,trout
FF,line_drive,8.559999999999988,61.84,55,26,field_out,R,156,trout
SI,ground_ball,-21.230000000000004,26.30000000000001,106,-2,field_out,R,32,trout
FT,line_drive,-28.960000000000008,67.19,65.1,20,single,R,180,trout
SI,ground_ball,-50.629999999999995,83.08000000000001,99,6,single,R,114,trout
FC,line_drive,31.070000000000007,89.57000000000001,75.6,14,single,R,175,trout
SL,fly_ball,NA,NA,111.9,24,home_run,R,427,trout
FF,line_drive,-1.960000000000008,102.54,82.4,17,single,R,248,trout
FF,line_drive,-28.269999999999996,36.370000000000005,107.1,9,field_out,R,161,trout
CH,fly_ball,-71.55000000000001,172.14000000000001,114.4,20,home_run,R,440,trout
FC,fly_ball,33.91000000000001,143.46,103.4,42,field_out,R,350,trout
CH,fly_ball,47.719999999999985,148.78,103.9,37,field_out,R,369,trout
SL,line_drive,-92.71000000000001,90.68,106.7,5,double,R,115,trout
FF,fly_ball,48.239999999999995,61.05000000000001,62.4,32,single,R,189,trout
FF,fly_ball,78.58999999999999,108.35000000000001,99.6,46,field_out,R,316,trout
FT,ground_ball,-13.379999999999995,30.939999999999998,88.1,-18,field_out,R,8,trout
FC,fly_ball,61.86,122.79,97.3,44,field_out,R,326,trout
FF,ground_ball,-27.310000000000002,32.150000000000006,103.9,7,field_out,R,121,trout
CH,line_drive,-55.019999999999996,114.62,94.7,25,double,R,331,trout
FT,line_drive,-17.97,54.91,111.7,6,field_out,R,154,trout
SL,fly_ball,-4.6000000000000085,163.77,108.3,38,home_run,R,NA,trout
FF,fly_ball,36.519999999999996,89.07000000000001,80.5,48,field_out,R,232,trout
CH,fly_ball,48.07000000000001,90.65,91.7,55,field_out,R,246,trout
SL,ground_ball,-20.769999999999996,31.22,70.7,1,field_out,R,32,trout
CU,line_drive,-95.39,109.63000000000001,98.3,24,double,R,343,trout
CU,ground_ball,5.779999999999987,12.159999999999997,60.3,-67,field_out,R,1,trout
FF,ground_ball,-25.72,27.909999999999997,93,7,field_out,R,105,trout
FF,ground_ball,22.549999999999997,33.51000000000002,69,7,field_out,R,94,trout
CH,ground_ball,-86.47,75.30000000000001,96.6,-4,double,R,21,trout
SI,fly_ball,-53.31,132.84,97.7,34,field_out,R,376,trout
FF,fly_ball,-106.01,124.97000000000001,99.8,27,home_run,R,375,trout
FF,line_drive,-39.760000000000005,130.61,86.6,25,field_out,R,326,trout
FF,popup,28.33,-5.399999999999977,80,69,field_out,R,NA,trout
FF,fly_ball,37.08999999999999,113.92000000000002,82,35,field_out,R,287,trout
FF,line_drive,74.52999999999999,135.53,102.6,22,field_out,R,365,trout
SL,fly_ball,16.779999999999987,127.88000000000001,94,42,field_out,R,308,trout
FF,line_drive,-0.39000000000000057,96.30000000000001,77.2,19,single,R,234,trout
FF,line_drive,78.7,73.91000000000001,87.9,18,double,R,256,trout
SI,fly_ball,-17.14,149.55,90.5,31,field_out,R,358,trout
FF,fly_ball,-86.07,181.53,112.8,27,home_run,R,473,trout
SL,ground_ball,-24.540000000000006,129.34,109.6,6,single,R,140,trout
FT,fly_ball,20.279999999999987,142.06,104.6,40,field_out,R,359,trout
FF,line_drive,35.42,139.93,93.4,24,double,R,343,trout
FF,popup,45.969999999999985,19.78,80,69,field_out,R,NA,trout
FF,line_drive,-51.620000000000005,100.26,90.9,19,single,R,270,trout
FT,ground_ball,-20.210000000000008,42.73000000000002,84.6,2,grounded_into_double_play,R,48,trout
CU,ground_ball,-29.739999999999995,32.400000000000006,104.1,-1,field_out,R,30,trout
CU,line_drive,-3.030000000000001,127.76,95.3,15,single,R,266,trout
CU,ground_ball,-26.510000000000005,102.15,100.9,3,single,R,81,trout
FF,line_drive,64.44000000000001,71.50000000000001,85.4,18,single,R,230,trout
FT,ground_ball,-10.159999999999997,50.670000000000016,114.6,-12,field_out,R,8,trout
CH,fly_ball,-4.400000000000006,179.83,106.2,27,home_run,R,426,trout
CH,ground_ball,10.11999999999999,9.090000000000003,34.1,-4,force_out,R,41,trout
CH,ground_ball,-27.290000000000006,31.830000000000013,79.6,-11,force_out,R,11,trout
FF,popup,14.86999999999999,32.33000000000001,80,69,field_out,R,NA,trout
FF,ground_ball,-23.730000000000004,43,79.8,-2,force_out,R,30,trout
SL,line_drive,-35.41,152.72000000000003,108.5,16,double,R,365,trout
FF,fly_ball,-43.540000000000006,160.85000000000002,106.7,38,home_run,R,391,trout
SL,line_drive,33.269999999999996,160.01000000000002,104.4,22,sac_fly,R,387,trout
FF,ground_ball,-25.78,21.26000000000002,52.2,13,field_error,R,86,trout
FF,fly_ball,-52.629999999999995,84.63000000000001,84,50,field_out,R,240,trout
SL,fly_ball,49.959999999999994,108.92000000000002,93.8,43,field_out,R,285,trout
FT,line_drive,-83.12,113.36000000000001,115.3,16,double,R,333,trout
SL,fly_ball,73.92,95.75000000000001,93,42,field_out,R,300,trout
SL,ground_ball,18.190000000000012,21.25,64.3,-64,field_out,R,1,trout
NA,ground_ball,-17.08,41.150000000000006,84,-13,field_out,R,NA,trout
NA,popup,60.45,43.57000000000002,75,60,field_out,R,NA,trout
NA,line_drive,-12.239999999999995,34.49000000000001,91,18,field_out,R,NA,trout
NA,fly_ball,-40.10000000000001,108.38000000000001,89,38,field_out,R,NA,trout
NA,ground_ball,-23.75,44.18000000000001,84,-13,field_out,R,NA,trout
SL,fly_ball,-42.58,159.45000000000002,103.2,33,home_run,R,392,trout
CH,ground_ball,-54.91,76.85000000000001,101.9,5,single,R,98,trout
CH,ground_ball,-24.400000000000006,30.01000000000002,82.9,-21,field_out,R,NA,trout
FT,ground_ball,-14.710000000000008,37.28,73.4,-43,field_out,R,3,trout
SL,popup,-46.71000000000001,72.64000000000001,75.3,53,field_out,R,208,trout
FT,ground_ball,-96.23,79.39000000000001,106.4,-3,double,R,23,trout
FC,fly_ball,75.92,86.27000000000001,83.9,31,field_out,R,272,trout
FT,ground_ball,-42.32000000000001,83.63000000000001,112.2,3,single,R,78,trout
FF,line_drive,-53.870000000000005,107.46000000000001,94.3,18,field_out,R,287,trout
FC,popup,31.85000000000001,43.93000000000001,77.1,67,field_out,R,133,trout
FF,ground_ball,-5.8500000000000085,56.120000000000005,72.4,10,grounded_into_double_play,R,119,trout
FF,fly_ball,12.980000000000004,147.24,98.5,29,field_out,R,351,trout
FF,line_drive,-15.64,116.83000000000001,89,17,single,R,248,trout
SL,line_drive,-44.650000000000006,91.95000000000002,84.1,15,single,R,201,trout
FF,fly_ball,-52.22,99.59,79.2,35,field_out,R,270,trout
SL,line_drive,-30.950000000000003,34.630000000000024,103.7,10,field_out,R,164,trout
SL,line_drive,88.01,90.18,92.4,21,double,R,297,trout
FF,ground_ball,-16.230000000000004,54.94,116.6,5,field_out,R,108,trout
NA,line_drive,7.6000000000000085,143.44,91,18,field_out,R,NA,trout
FF,ground_ball,-25.760000000000005,31.830000000000013,97.2,-7,force_out,R,18,trout
SL,fly_ball,2.8200000000000074,132.74,96,45,field_out,R,316,trout
FF,fly_ball,53.480000000000004,62.30000000000001,71.4,36,single,R,NA,trout
FF,ground_ball,21.510000000000005,30.090000000000003,54.7,-6,field_out,R,19,trout
SL,fly_ball,45.33999999999999,112.01,85.6,38,field_out,R,288,trout
FF,line_drive,11.149999999999991,127.84,103.1,12,single,R,253,trout
FC,ground_ball,-5,44.44,62.1,1,field_out,R,40,trout
FC,fly_ball,78.24,94.74000000000001,86.1,31,field_out,R,291,trout
CH,popup,-49.72,62.390000000000015,86.4,62,field_out,R,193,trout
FT,ground_ball,-12.879999999999995,48.05000000000001,75.5,-18,grounded_into_double_play,R,9,trout
FT,fly_ball,-2.549999999999997,92.64000000000001,67.2,32,single,R,226,trout
FT,ground_ball,-6.1299999999999955,54.56,92.4,-5,field_out,R,23,trout
FF,fly_ball,78.14,101.80000000000001,92.9,42,field_out,R,313,trout
SI,line_drive,15.600000000000009,133.23000000000002,112.3,13,double,R,320,trout
FC,line_drive,64.52,142.78,103.9,20,double,R,370,trout
FF,ground_ball,-11.820000000000007,36.54000000000002,59.4,-12,field_out,R,13,trout
CH,fly_ball,-28.129999999999995,164.19,109.2,29,home_run,R,428,trout
FF,ground_ball,0.1700000000000017,17.210000000000008,55.4,-18,field_out,R,9,trout
CH,line_drive,-17.120000000000005,48.20000000000002,112.9,8,field_out,R,151,trout
FF,line_drive,53.27999999999999,125.97000000000001,96.7,22,field_out,R,325,trout
FF,line_drive,20.709999999999994,102.27000000000001,77,23,single,R,252,trout
CU,fly_ball,10.64,158.01000000000002,98.7,25,field_out,R,375,trout
SI,ground_ball,-28.400000000000006,31.689999999999998,101.9,0,field_out,R,32,trout
SI,fly_ball,-38.400000000000006,125.42000000000002,85.6,36,field_out,R,313,trout
FF,ground_ball,-2.480000000000004,53.09,69.4,-22,field_out,R,7,trout
CU,line_drive,37.55999999999999,119.33000000000001,99.8,12,single,R,250,trout
FF,ground_ball,22.959999999999994,51.27000000000001,113.5,0,field_out,R,53,trout
CH,popup,-0.6599999999999966,77.92000000000002,91,60,field_out,R,213,trout
CH,ground_ball,18.11,17.960000000000008,90.3,-17,single,R,NA,trout
FF,line_drive,-24.060000000000002,56.880000000000024,56.6,22,field_out,R,154,trout
SI,ground_ball,-8.870000000000005,61.360000000000014,79.6,5,field_out,R,77,trout
CU,line_drive,NA,NA,83.5,21,field_out,R,290,trout
FF,ground_ball,3.700000000000003,12.920000000000016,107.7,-2,single,R,30,trout
FF,ground_ball,72.74999999999999,81.36000000000001,97.6,-24,single,R,4,trout
SL,line_drive,47.07000000000001,113.75000000000001,86.9,22,field_out,R,294,trout
SI,line_drive,-68.46000000000001,165.13,112.9,20,home_run,R,422,trout
CU,ground_ball,-15.460000000000008,29.880000000000024,82.9,-21,field_out,R,NA,trout
FF,fly_ball,-118.14,154.86,108.6,33,home_run,R,458,trout
FC,fly_ball,39.519999999999996,160.31,103.6,32,home_run,R,391,trout
FF,fly_ball,31.010000000000005,161.26000000000002,102.5,30,home_run,R,389,trout
FF,ground_ball,4.260000000000005,44.26000000000002,74.4,-11,grounded_into_double_play,R,14,trout
FF,fly_ball,83.46,96.67000000000002,89.7,39,field_out,R,301,trout
CH,fly_ball,-6.210000000000008,178.17000000000002,110.8,29,home_run,R,422,trout
SI,ground_ball,-12.659999999999997,58.34,108.9,-9,single,R,8,trout
FC,ground_ball,0.06999999999999318,-4.6299999999999955,82.9,-21,field_out,R,NA,trout
CH,fly_ball,45.19000000000001,71.42000000000002,92.2,60,field_out,R,214,trout
FC,line_drive,-47.379999999999995,91.19000000000001,81.1,18,single,R,205,trout
SI,fly_ball,28.029999999999987,119.10000000000001,85.4,36,field_out,R,292,trout
CH,ground_ball,-21.230000000000004,32.890000000000015,89.9,4,field_error,R,77,trout
FS,ground_ball,-26.019999999999996,30.939999999999998,99.2,-6,field_out,R,16,trout
CU,fly_ball,63.749999999999986,129.13,102,40,sac_fly,R,341,trout
SL,popup,25.320000000000007,65.21000000000001,59.8,31,field_out,R,172,trout
SI,line_drive,-23.28,153.37,106.7,17,double,R,369,trout
SI,ground_ball,26.070000000000007,44.26000000000002,97.9,-33,field_out,R,3,trout
FF,line_drive,62.239999999999995,144.93,101.2,23,double,R,372,trout
FF,ground_ball,-30.10000000000001,45.21000000000001,92.8,9,single,R,136,trout
FF,fly_ball,4.489999999999995,173.84,106.3,34,field_out,R,411,trout
FF,popup,47.11999999999999,23.409999999999997,80,69,field_out,R,NA,trout
FF,line_drive,-21.090000000000003,121.13000000000001,110.1,9,single,R,237,trout
SL,popup,56.80999999999999,39.77000000000001,80,69,field_out,R,NA,trout
FF,fly_ball,-25.89,151.33,101.6,33,field_out,R,364,trout
FF,popup,-1.8799999999999955,57.33000000000001,80,69,field_out,L,NA,yelich
SL,fly_ball,82.74,127.80000000000001,92.1,27,home_run,L,360,yelich
FF,ground_ball,-6.719999999999999,116.69000000000001,102.6,-3,single,L,25,yelich
FT,line_drive,49.67,61.81,104.5,11,double,L,190,yelich
FF,ground_ball,30.219999999999985,42.19,98.3,-7,field_out,L,23,yelich
CH,line_drive,36.489999999999995,63.60000000000002,86.9,10,single,L,122,yelich
CH,ground_ball,-17.620000000000005,42.79000000000002,69,-16,single,L,10,yelich
FF,fly_ball,-69.32,91.01,80.7,35,sac_fly,L,273,yelich
FF,line_drive,24.61999999999999,133.38,99.9,17,double,L,322,yelich
FF,ground_ball,-17.620000000000005,18.57000000000002,84,-51,single,L,2,yelich
FF,line_drive,51.57000000000001,97.69000000000001,85.9,13,single,L,169,yelich
FF,line_drive,62.08,175.52,108.1,24,home_run,L,439,yelich
FF,ground_ball,18.719999999999985,49.46000000000001,78.2,-33,field_out,L,5,yelich
CH,ground_ball,24.769999999999996,27.05000000000001,80.4,-25,grounded_into_double_play,L,7,yelich
FF,fly_ball,-23.710000000000008,99.23,74.2,25,single,L,246,yelich
FF,fly_ball,-34.44,89.98,69.5,32,single,L,233,yelich
CH,ground_ball,13.219999999999985,57.81,86.2,8,single,L,131,yelich
FT,ground_ball,-18.83,120.32000000000001,109.1,-7,single,L,19,yelich
CH,line_drive,22.35000000000001,123.95000000000002,110,5,double,L,128,yelich
CH,fly_ball,-45.95,100.28000000000002,97.1,55,field_out,L,264,yelich
FF,fly_ball,8.649999999999991,147.76000000000002,99.7,41,field_out,L,351,yelich
CH,ground_ball,18.719999999999985,44,106,-18,field_out,L,5,yelich
FF,fly_ball,87.24999999999999,117.46000000000001,100.3,44,home_run,L,345,yelich
CH,fly_ball,-48.510000000000005,114.26,92.5,25,field_out,L,325,yelich
FF,fly_ball,-28.820000000000007,159.4,99.2,25,triple,L,384,yelich
FF,ground_ball,25.989999999999995,47.640000000000015,109.3,-11,field_out,L,9,yelich
CH,ground_ball,2.319999999999993,-1.6799999999999784,57.8,-47,field_out,L,2,yelich
FT,ground_ball,-4.299999999999997,48.24000000000001,109,5,field_out,L,124,yelich
FT,ground_ball,-18.83,28.860000000000014,91.2,-10,field_out,L,12,yelich
FF,popup,-29.129999999999995,11.900000000000006,80,69,field_out,L,NA,yelich
FC,line_drive,34.730000000000004,116.36000000000001,99.1,13,triple,L,240,yelich
FF,line_drive,-7.939999999999998,55.28,60,18,field_out,L,141,yelich
FF,fly_ball,76.05,118.16000000000001,89.9,38,field_out,L,330,yelich
FF,ground_ball,-14.590000000000003,50.670000000000016,108.2,-3,field_out,L,30,yelich
NA,fly_ball,-54.57000000000001,94.28000000000002,89.2,39,field_out,L,NA,yelich
NA,fly_ball,37.749999999999986,119.07000000000001,89.2,39,sac_fly,L,NA,yelich
NA,ground_ball,22.64999999999999,50.76000000000002,82.9,-21,field_out,L,NA,yelich
SL,line_drive,7.309999999999988,63.57000000000002,93,10,field_out,L,159,yelich
FF,line_drive,-117.46000000000001,107.16000000000001,104.2,27,home_run,L,374,yelich
SL,fly_ball,-31.47,115.13000000000001,90.9,50,field_out,L,280,yelich
CH,line_drive,8.61,118.63000000000001,102.8,8,single,L,213,yelich
SL,fly_ball,-53.879999999999995,93.32000000000001,94.7,53,field_out,L,272,yelich
CU,fly_ball,-10.269999999999996,108.46000000000001,93.7,50,field_out,L,276,yelich
SL,ground_ball,31.519999999999996,33.360000000000014,82.7,-13,field_out,L,13,yelich
CH,ground_ball,-16.939999999999998,94.53000000000002,98.2,-9,single,L,11,yelich
FF,ground_ball,3.660000000000011,17.01000000000002,72.9,-8,field_out,L,19,yelich
FF,fly_ball,106.49999999999999,113.91000000000001,97.9,38,home_run,L,366,yelich
SL,ground_ball,34.55,32.150000000000006,82.9,-21,field_out,L,NA,yelich
SL,ground_ball,-12.579999999999998,45.22,71.4,-25,field_out,L,5,yelich
CH,ground_ball,24.969999999999985,38.55000000000001,80,1,field_out,L,48,yelich
FF,fly_ball,-13.079999999999998,168.23000000000002,108.6,35,home_run,L,408,yelich
SL,ground_ball,-6.519999999999996,55.51000000000002,86.9,-2,field_out,L,34,yelich
FF,ground_ball,-11.629999999999995,54.24000000000001,97.7,-11,field_out,L,14,yelich
FS,ground_ball,28.61,45.82000000000002,75.3,-17,field_out,L,7,yelich
SL,fly_ball,-34.489999999999995,138.78,99,41,field_out,L,339,yelich
FF,ground_ball,2.1400000000000006,57.59,107.7,-8,field_out,L,17,yelich
FF,ground_ball,26.219999999999985,44.26000000000002,86.9,-9,field_out,L,11,yelich
FF,line_drive,30.14,128.5,105.1,10,double,L,272,yelich
SL,fly_ball,51.749999999999986,161.58,102.7,30,home_run,L,401,yelich
FF,popup,-12.850000000000009,17.680000000000007,80,69,field_out,L,NA,yelich
FT,fly_ball,40.02999999999999,176.88,108.2,28,home_run,L,428,yelich
FF,line_drive,-47.92,67.06,79.9,15,single,L,200,yelich
CH,ground_ball,29.309999999999988,41.04000000000002,89.8,-8,single,L,15,yelich
SL,ground_ball,26.769999999999996,48.66,107.6,8,field_out,L,132,yelich
FF,fly_ball,10.219999999999985,153.99,106.8,42,field_out,L,365,yelich
CU,fly_ball,4.700000000000003,161.44,103.8,34,field_out,L,381,yelich
FT,fly_ball,-56.53,129.62,98.5,33,field_out,L,336,yelich
KC,fly_ball,-52.47,93.87,85.1,30,field_out,L,293,yelich
FF,fly_ball,-98.93,101.9,97.9,33,double,L,335,yelich
SI,ground_ball,5.209999999999994,96.03000000000002,95.5,-4,single,L,24,yelich
CH,ground_ball,32.459999999999994,28.80000000000001,104.5,-6,field_out,L,19,yelich
SI,fly_ball,-79.52000000000001,106.11000000000001,101.7,26,field_error,L,314,yelich
SI,ground_ball,27.61999999999999,28.80000000000001,82.9,-21,grounded_into_double_play,L,NA,yelich
FC,line_drive,14.11999999999999,113.58000000000001,79.8,27,field_out,L,273,yelich
FC,ground_ball,27.200000000000003,27.650000000000006,82.9,-21,field_out,L,NA,yelich
FC,ground_ball,22.35000000000001,39.16,74.6,-24,grounded_into_double_play,L,7,yelich
SI,line_drive,-33.94,114.18,111.5,10,double,L,237,yelich
SI,ground_ball,24.17,50.670000000000016,114.2,0,grounded_into_double_play,L,38,yelich
FC,ground_ball,72.71,99.99000000000001,113.1,3,single,L,75,yelich
SI,ground_ball,29.239999999999995,51.16,101.7,-1,field_out,L,41,yelich
CH,line_drive,6.200000000000003,132.20000000000002,112.2,10,single,L,230,yelich
KC,fly_ball,43.499999999999986,172.21,111.9,22,home_run,L,420,yelich
FF,ground_ball,58.08999999999999,93.06000000000002,107.5,-2,single,L,42,yelich
SL,ground_ball,-13.379999999999995,17.960000000000008,42.7,6,single,L,35,yelich
CH,ground_ball,29.010000000000005,45.22,87.6,5,field_out,L,81,yelich
FF,ground_ball,18.11,51.880000000000024,92.6,2,grounded_into_double_play,L,50,yelich
CH,fly_ball,NA,NA,110.5,34,home_run,L,440,yelich
FF,fly_ball,7.450000000000003,146.69,94.9,34,field_out,L,348,yelich
FF,line_drive,6.339999999999989,135.69,94.5,18,field_out,L,324,yelich
CU,ground_ball,49.92,85.67000000000002,96.2,8,single,L,139,yelich
SI,ground_ball,8.779999999999987,18.110000000000014,111.2,-16,field_out,L,7,yelich
SI,ground_ball,9.790000000000006,3.380000000000024,80.8,-69,single,L,1,yelich
CH,line_drive,58.05,150.69,101.4,24,home_run,L,398,yelich
CH,line_drive,9.249999999999986,122.74000000000001,108.6,6,single,L,132,yelich
CU,popup,-4.430000000000007,14.550000000000011,85.6,74,field_out,L,73,yelich
CH,line_drive,7.760000000000005,56.72,94.1,7,single,L,142,yelich
FF,ground_ball,25.029999999999987,46.05000000000001,74.5,-24,field_out,L,5,yelich
SL,ground_ball,12.83999999999999,52.650000000000006,80.4,-12,single,L,11,yelich
FT,ground_ball,-6.680000000000007,58.05000000000001,104,4,field_out,L,106,yelich
SL,ground_ball,21.989999999999995,30.30000000000001,65.5,-41,field_out,L,3,yelich
FF,ground_ball,5.730000000000004,40.46000000000001,76.8,-11,field_out,L,14,yelich
CH,fly_ball,29.89,156.73000000000002,103.1,37,field_out,L,376,yelich
FF,ground_ball,29.61999999999999,28.860000000000014,63.1,-56,field_out,L,1,yelich
CU,fly_ball,76.58,161.57,109.3,22,home_run,L,421,yelich
CH,fly_ball,-59.790000000000006,151.41000000000003,104.1,26,home_run,L,386,yelich
CH,fly_ball,-28.86,130.65,89.4,35,field_out,L,318,yelich
CH,fly_ball,-27.120000000000005,138.29000000000002,102.2,44,field_out,L,335,yelich
SL,fly_ball,79.32000000000001,161.77,99.2,32,home_run,L,408,yelich
FC,fly_ball,-11.790000000000006,183.76000000000002,106.2,30,home_run,L,435,yelich
FF,line_drive,NA,NA,112,7,field_out,L,154,yelich
CH,ground_ball,25.989999999999995,22.810000000000002,82,-23,field_out,L,6,yelich
FF,fly_ball,-22.960000000000008,112.52000000000001,88.5,48,field_out,L,275,yelich
SL,ground_ball,5.390000000000001,116.08000000000001,94.9,7,single,L,123,yelich
FF,popup,-49.72,32.5,80,69,field_out,L,NA,yelich
FC,fly_ball,69.61,167.5,109,30,home_run,L,428,yelich
CH,line_drive,4.38000000000001,141.21,89.1,24,field_out,L,335,yelich
KC,line_drive,40.58,95.04,116.3,13,single,L,247,yelich
SL,fly_ball,-40.620000000000005,158.20000000000002,101.1,33,home_run,L,388,yelich
FF,fly_ball,108.82000000000001,119.62,105.8,39,home_run,L,380,yelich
SI,line_drive,-49.72,159.08,114.1,17,home_run,L,405,yelich
SL,line_drive,26.049999999999997,55.20000000000002,83.2,11,field_out,L,150,yelich
SL,ground_ball,38.05999999999999,67.20000000000002,105.9,1,field_out,L,58,yelich
KC,ground_ball,29.58,32.07000000000002,105.4,-4,field_out,L,26,yelich
SL,popup,24.13000000000001,-4.8799999999999955,80,69,field_out,L,NA,yelich
CH,ground_ball,31.249999999999986,43.21000000000001,77.7,5,field_out,L,66,yelich
SI,ground_ball,-20.33,66.60000000000002,102.7,0,field_out,L,48,yelich
FF,line_drive,34.27999999999999,32.91,109.7,7,field_out,L,130,yelich
FF,ground_ball,36.7,42,101.1,-8,field_out,L,14,yelich
FC,ground_ball,31.249999999999986,65.62,100.1,7,single,L,118,yelich
CH,ground_ball,13.690000000000012,121.35000000000001,101.1,-4,single,L,28,yelich
FT,ground_ball,-11.150000000000006,49.870000000000005,87.4,7,field_out,L,108,yelich
FF,popup,-3.269999999999996,75.31000000000002,80,69,field_out,L,NA,yelich
SL,line_drive,32.67999999999999,90.14000000000001,79.9,15,single,L,185,yelich
FF,line_drive,-2.9200000000000017,100.19000000000001,75,22,single,L,242,yelich
FT,fly_ball,-94.35,80.15,97.1,43,field_out,L,321,yelich
FF,ground_ball,14.600000000000009,35.93000000000001,90.3,-17,single,L,NA,yelich
FF,ground_ball,23.690000000000012,46.84,94.6,-9,field_out,L,10,yelich
FF,ground_ball,-48.58,69.09,107.4,-9,single,L,15,yelich
CH,fly_ball,-31.58,158.86,99.5,33,field_out,L,383,yelich
CH,fly_ball,-16.47,98.01,69.3,32,single,L,239,yelich
SI,ground_ball,34.459999999999994,48.85000000000002,106.7,-12,field_out,L,12,yelich
FF,fly_ball,19.480000000000004,151.87,107,41,sac_fly,L,362,yelich
FF,ground_ball,70.8,80.95000000000002,83,-10,single,L,10,yelich
FF,fly_ball,57.17999999999999,162.95000000000002,103.1,32,home_run,L,408,yelich
SL,ground_ball,-26.10000000000001,30.07000000000002,92.4,-30,field_out,L,5,yelich
FC,ground_ball,34.459999999999994,45.82000000000002,101.7,-12,field_out,L,12,yelich
FF,ground_ball,-1.8799999999999955,51.880000000000024,105.8,-23,field_out,L,5,yelich
SI,line_drive,NA,NA,97,19,field_out,L,304,yelich
SI,ground_ball,61.719999999999985,87.61000000000001,113,-2,single,L,35,yelich
CH,ground_ball,29.010000000000005,30.07000000000002,82.9,-21,field_out,L,NA,yelich
SI,ground_ball,22.959999999999994,47.03,108.4,-16,force_out,L,5,yelich
SI,line_drive,-34.269999999999996,149.74,104.6,18,double,L,364,yelich
SL,fly_ball,-13.370000000000005,103.9,97.1,52,field_out,L,252,yelich
FF,fly_ball,30.299999999999997,151.76000000000002,93.8,25,double,L,366,yelich
SL,fly_ball,-57.85000000000001,70.71000000000001,74.8,46,field_out,L,220,yelich
FF,fly_ball,-48.510000000000005,67.63000000000002,94.8,61,field_out,L,219,yelich
FF,ground_ball,-46.60000000000001,97.17000000000002,98.8,3,single,L,96,yelich
FF,line_drive,-37.650000000000006,128.65,94.5,19,double,L,319,yelich
SI,ground_ball,29.769999999999996,36.91,77.7,-9,field_out,L,15,yelich
FT,ground_ball,35.36,36.400000000000006,90.3,-16,field_out,L,9,yelich
FT,line_drive,43.57000000000001,120.84,88.1,25,field_out,L,304,yelich
SI,line_drive,-37.239999999999995,115.14000000000001,110.6,9,double,L,242,yelich
FF,fly_ball,111.02999999999999,133.77,106.7,36,home_run,L,408,yelich
FF,popup,-17.019999999999996,18.57000000000002,72,74,field_out,L,109,yelich
FF,popup,-43.67,24.620000000000005,80,69,field_out,L,NA,yelich
FF,ground_ball,3.5799999999999983,17.360000000000014,87.1,-14,field_out,L,12,yelich
SI,fly_ball,-72.22,151.03,108.4,22,home_run,L,396,yelich
FF,fly_ball,-56.57000000000001,149.89000000000001,106.9,31,home_run,L,380,yelich
FF,line_drive,-50.33,98.52000000000001,106.3,11,single,L,257,yelich
FF,fly_ball,29.969999999999985,152.27,98.9,34,field_out,L,367,yelich
FT,fly_ball,10.540000000000006,166.28,102.4,29,home_run,L,406,yelich
FF,ground_ball,18.11,29.47,68.8,-52,field_out,L,3,yelich
FC,ground_ball,20.429999999999993,39.78,95.7,-13,grounded_into_double_play,L,9,bellinger
FC,fly_ball,-33.05,97.51,75.3,38,field_out,L,248,bellinger
FF,fly_ball,-92.01,99.19000000000001,94,40,field_out,L,320,bellinger
SL,ground_ball,3.510000000000005,4.780000000000001,59.5,-53,field_out,L,2,bellinger
SL,fly_ball,-13.210000000000008,135,97.9,43,field_out,L,323,bellinger
KC,ground_ball,9.739999999999995,60.54000000000002,87.6,10,field_out,L,129,bellinger
CH,ground_ball,33.019999999999996,30.350000000000023,78.8,-5,field_out,L,17,bellinger
FF,fly_ball,-13.879999999999995,160.51000000000002,96.5,33,field_out,L,382,bellinger
SI,line_drive,27.440000000000012,76.57000000000001,70,22,single,L,198,bellinger
CH,line_drive,69.27,116.36000000000001,103.6,21,field_out,L,321,bellinger
SI,ground_ball,26.769999999999996,44.02000000000001,102.3,-6,field_out,L,17,bellinger
FT,fly_ball,15.33999999999999,156.67000000000002,101.8,38,field_out,L,373,bellinger
CH,fly_ball,-8.840000000000003,172.88,101.4,29,triple,L,409,bellinger
SL,fly_ball,79.88000000000001,116.32000000000001,91.6,28,field_out,L,333,bellinger
FF,line_drive,53.959999999999994,113.21000000000001,106.6,9,single,L,167,bellinger
SL,line_drive,75.01,108.22000000000001,105.8,15,single,L,248,bellinger
FF,ground_ball,25.86,57.33000000000001,102.7,0,field_out,L,48,bellinger
SL,ground_ball,30.91000000000001,29.960000000000008,55.3,-34,field_out,L,2,bellinger
SI,line_drive,14.649999999999991,134.33,103.5,11,single,L,240,bellinger
SL,ground_ball,50.67999999999999,117.16000000000001,106.8,0,single,L,38,bellinger
SL,fly_ball,-10.420000000000002,131.65,87.8,38,field_out,L,316,bellinger
CH,line_drive,67.52,138.55,99.6,20,field_out,L,364,bellinger
FT,popup,-10.409999999999997,-12.619999999999976,80,69,field_out,L,NA,bellinger
FF,line_drive,84.67,115.24000000000001,105.5,15,single,L,265,bellinger
FF,line_drive,42.040000000000006,116.21000000000001,101.5,13,double,L,295,bellinger
CH,fly_ball,-39.82000000000001,66.46000000000001,89.8,61,field_out,L,203,bellinger
CH,line_drive,4.510000000000005,61.30000000000001,86.1,10,field_out,L,198,bellinger
CH,fly_ball,-17.11,152.56,99.5,37,field_out,L,364,bellinger
SI,fly_ball,46.469999999999985,149.70000000000002,95.8,32,field_out,L,371,bellinger
CH,fly_ball,-31.28,99.65,79.8,42,field_out,L,252,bellinger
CU,fly_ball,56.58,164.64000000000001,104.9,31,home_run,L,411,bellinger
CH,popup,31.16000000000001,58.860000000000014,80,69,field_out,L,NA,bellinger
NA,line_drive,34.959999999999994,36.04000000000002,91.1,18,field_out,L,NA,bellinger
NA,popup,12.149999999999991,30.97,80,69,field_out,L,NA,bellinger
NA,fly_ball,69.42999999999999,175.96,102.8,30,home_run,L,NA,bellinger
NA,popup,-26.89,1.5700000000000216,80,69,field_out,L,NA,bellinger
FT,fly_ball,-64.88,134.29000000000002,97.7,33,field_out,L,354,bellinger
SI,ground_ball,18.11,19.170000000000016,77.5,-56,field_out,L,2,bellinger
FF,line_drive,71.96,89.74000000000001,104.4,13,double,L,217,bellinger
SL,fly_ball,-47.480000000000004,101.80000000000001,88.3,48,field_out,L,270,bellinger
FF,line_drive,77.10000000000001,94.27000000000001,107.4,16,double,L,288,bellinger
FF,line_drive,62.459999999999994,76.83000000000001,102.4,9,single,L,174,bellinger
CH,ground_ball,19.08999999999999,38.34,64.2,-11,force_out,L,10,bellinger
FF,popup,-63.43,46.380000000000024,76.6,59,field_out,L,189,bellinger
SI,fly_ball,102.86999999999999,118.68,102.4,26,home_run,L,369,bellinger
FF,line_drive,-56.42,110.33000000000001,87,27,field_out,L,297,bellinger
FC,line_drive,62.13000000000001,116.84,87.8,21,field_out,L,314,bellinger
FF,line_drive,21.14,42.19,65,16,field_out,L,133,bellinger
CU,line_drive,11.39,61.77000000000001,95.8,11,field_out,L,184,bellinger
SI,ground_ball,26.290000000000006,40.79000000000002,91.7,-2,force_out,L,28,bellinger
FS,line_drive,44.94000000000001,107.93,98.9,19,field_out,L,279,bellinger
SI,ground_ball,24.10000000000001,47.81,99.2,-22,field_out,L,4,bellinger
FF,line_drive,-2.6099999999999994,130.03000000000003,100.2,14,field_out,L,311,bellinger
FF,line_drive,-3.480000000000004,140.84,89.3,15,single,L,267,bellinger
FF,fly_ball,-5.340000000000003,167.82000000000002,102.6,28,home_run,L,411,bellinger
FT,popup,77.60000000000001,60.03,96.4,58,field_out,L,231,bellinger
FF,line_drive,-64.6,83.89000000000001,89.6,13,single,L,216,bellinger
FS,line_drive,-1.6899999999999977,67.31,76.5,14,field_out,L,168,bellinger
FC,line_drive,-10.840000000000003,114.63000000000001,88.2,13,single,L,220,bellinger
SI,line_drive,43.040000000000006,158.49,104.1,20,home_run,L,389,bellinger
SL,line_drive,34.83999999999999,37.94,106.9,8,field_out,L,163,bellinger
FT,line_drive,35.95,143.29000000000002,102.3,18,double,L,350,bellinger
FF,line_drive,74.92,126.29,92.2,24,field_out,L,346,bellinger
FF,ground_ball,34.709999999999994,34.02000000000001,77.6,-24,field_out,L,3,bellinger
SL,fly_ball,-44.2,149.69,98.5,32,field_out,L,370,bellinger
FT,fly_ball,14.16000000000001,86.67000000000002,66.6,25,single,L,214,bellinger
FF,ground_ball,17.980000000000004,26.409999999999997,91.3,-39,field_out,L,3,bellinger
CH,fly_ball,-39.11,168.21,104.8,23,home_run,L,409,bellinger
FF,popup,-56.040000000000006,35.03,86.2,60,field_out,L,202,bellinger
FF,fly_ball,28.540000000000006,88.32000000000001,68.2,39,single,L,225,bellinger
CH,line_drive,93.45,111.49000000000001,104.6,22,double,L,342,bellinger
FT,line_drive,-21.310000000000002,81.16000000000001,88.7,13,single,L,206,bellinger
CH,ground_ball,13.670000000000002,62.41,91.2,-6,field_out,L,17,bellinger
FC,line_drive,57.86999999999999,97.45000000000002,96.3,15,single,L,225,bellinger
CH,ground_ball,12.510000000000005,38.72,64,-13,field_out,L,7,bellinger
SL,line_drive,58.36,135.97000000000003,104.6,15,single,L,293,bellinger
FF,line_drive,-55.040000000000006,137.54000000000002,100.8,19,field_out,L,352,bellinger
FS,ground_ball,-3.269999999999996,58.96000000000001,83.3,-3,single,L,12,bellinger
FF,ground_ball,-62.03,98.33000000000001,95,3,single,L,82,bellinger
FT,fly_ball,-5.409999999999997,155.63,102.1,35,field_out,L,369,bellinger
CU,ground_ball,26.499999999999986,46.60000000000002,98.4,-2,field_out,L,26,bellinger
SL,ground_ball,36.790000000000006,41.150000000000006,103.8,7,field_out,L,114,bellinger
CU,fly_ball,-35.019999999999996,139.70000000000002,98.5,39,field_out,L,342,bellinger
FF,fly_ball,-39.650000000000006,98.87,87.8,49,field_out,L,257,bellinger
FC,line_drive,-24.659999999999997,121.22000000000001,93.2,18,double,L,297,bellinger
FC,line_drive,46.08,114.77000000000001,95.9,17,field_out,L,295,bellinger
FF,ground_ball,-9.689999999999998,113.47000000000001,100,-5,single,L,23,bellinger
FF,fly_ball,NA,NA,99.6,51,field_out,L,284,bellinger
FS,ground_ball,25.679999999999993,41.390000000000015,79.5,7,field_out,L,104,bellinger
FF,ground_ball,-4,12.930000000000007,40,-36,single,L,NA,bellinger
FF,line_drive,86.92,91.69000000000001,106.3,18,double,L,297,bellinger
FF,popup,-45.36,28.360000000000014,80,69,field_out,L,NA,bellinger
FT,ground_ball,33.61999999999999,35.96000000000001,96.4,-10,single,L,14,bellinger
FT,ground_ball,1.6200000000000045,7.52000000000001,82.9,-21,field_out,L,NA,bellinger
FC,popup,-16.659999999999997,68.47,79.5,60,field_out,L,188,bellinger
SI,fly_ball,-51.55,123.65,91.8,36,field_out,L,319,bellinger
KC,ground_ball,47.89,88.72000000000001,105.1,-5,single,L,24,bellinger
FF,line_drive,75.08,108.57000000000001,94.3,22,field_out,L,312,bellinger
CH,ground_ball,47.719999999999985,76.09,92.7,3,single,L,72,bellinger
FS,line_drive,8.049999999999997,109.55000000000001,76.5,23,single,L,264,bellinger
SL,line_drive,19.36,76.43,83.3,10,single,L,151,bellinger
SL,fly_ball,51.11999999999999,162.17000000000002,101.6,28,home_run,L,402,bellinger
SL,fly_ball,72.83,136.48000000000002,94.1,33,sac_fly,L,364,bellinger
FF,line_drive,26.290000000000006,51.880000000000024,102.9,11,field_out,L,169,bellinger
SL,fly_ball,0.6899999999999977,159.81,101,36,field_out,L,378,bellinger
CH,ground_ball,30.529999999999987,39.58000000000001,71.5,-3,field_out,L,13,bellinger
FF,line_drive,-37.260000000000005,121.62,96,15,single,L,267,bellinger
FF,line_drive,28.950000000000003,28.670000000000016,102.5,7,double_play,L,130,bellinger
CH,line_drive,79.14,142.89000000000001,106.6,20,home_run,L,385,bellinger
CU,fly_ball,-29.269999999999996,149.4,99.6,34,sac_fly,L,361,bellinger
CH,line_drive,83.01,72.68,105.9,12,double,L,201,bellinger
FF,ground_ball,47.17999999999999,51.27000000000001,107.5,0,field_out,L,52,bellinger
SI,line_drive,0.12000000000000455,92.94000000000001,71.9,20,single,L,226,bellinger
FF,fly_ball,-55.19,141.5,101.8,36,home_run,L,361,bellinger
FT,ground_ball,36.27999999999999,29.47,82.9,-21,field_out,L,NA,bellinger
FF,ground_ball,29.010000000000005,51.880000000000024,79.1,-5,field_out,L,18,bellinger
SI,line_drive,-34.96000000000001,118.33000000000001,87.6,23,double,L,296,bellinger
SI,line_drive,1.1499999999999915,19.78,96,5,field_out,L,106,bellinger
SL,fly_ball,100.30999999999999,126.49000000000001,95.8,28,home_run,L,380,bellinger
FF,line_drive,9.33999999999999,69.43,62.3,21,single,L,174,bellinger
FF,ground_ball,-6.719999999999999,130.62,85.7,5,single,L,108,bellinger
SL,popup,-9.14,54.30000000000001,80,69,field_out,L,NA,bellinger
FF,ground_ball,1.7600000000000051,13.120000000000005,73.2,-66,field_out,L,1,bellinger
FT,fly_ball,-8.540000000000006,141.59,94.1,37,field_out,L,337,bellinger
SL,ground_ball,24.17,33.71000000000001,52.5,-38,field_out,L,3,bellinger
SL,ground_ball,21.14,47.640000000000015,88.1,1,field_out,L,44,bellinger
FT,fly_ball,-85.76,120.81000000000002,99,30,sac_fly,L,351,bellinger
FT,ground_ball,-9.900000000000006,29.450000000000017,67.5,-45,single,L,2,bellinger
FT,fly_ball,-91.52000000000001,111.84,99.5,29,field_out,L,360,bellinger
FF,line_drive,62.719999999999985,163.39000000000001,110.6,21,home_run,L,413,bellinger
CH,ground_ball,54.45,107.60000000000001,87.6,6,single,L,84,bellinger
FF,line_drive,44.55,77.26,96.8,13,field_out,L,215,bellinger
FF,line_drive,41.19000000000001,111.63000000000001,106.3,12,single,L,184,bellinger
CH,ground_ball,39.13000000000001,50.48000000000002,106,4,field_out,L,86,bellinger
SL,line_drive,96.76,97.82000000000001,99.4,20,double,L,322,bellinger
CH,line_drive,37.45,109.94000000000001,99.7,9,single,L,148,bellinger
FS,ground_ball,NA,NA,93.1,6,field_out,L,91,bellinger
CU,fly_ball,108.17999999999999,123.16000000000001,106.3,32,home_run,L,409,bellinger
CH,line_drive,28.14,103.25000000000001,85.9,20,single,L,229,bellinger
FF,fly_ball,65.77999999999999,116.50000000000001,102.5,45,field_out,L,329,bellinger
FF,line_drive,34.57000000000001,37.79000000000002,108.6,9,field_out,L,158,bellinger
FF,fly_ball,104.17999999999999,141.09,110,25,home_run,L,412,bellinger
FF,ground_ball,42.019999999999996,34.80000000000001,74.6,12,single,L,114,bellinger
FF,line_drive,-2.6400000000000006,163.5,104.4,18,field_out,L,387,bellinger
FC,ground_ball,2.6799999999999926,114.12,90.6,-7,single,L,13,bellinger
FF,ground_ball,-15.600000000000009,29.79000000000002,71.2,-18,field_out,L,9,bellinger
SL,line_drive,35.36999999999999,35.870000000000005,98,8,field_out,L,141,bellinger
FF,popup,-29.320000000000007,14.050000000000011,78.8,62,field_out,L,177,bellinger
FF,popup,20.290000000000006,38.94,93.5,68,field_out,L,146,bellinger
CH,line_drive,90.73,101.42000000000002,93.9,13,double,L,185,bellinger
FF,line_drive,-7.810000000000002,52.650000000000006,96.8,7,double_play,L,151,bellinger
SL,line_drive,52.05,89.52000000000001,91,13,single,L,199,bellinger
CH,fly_ball,0.6499999999999915,124.28000000000002,101.8,42,field_out,L,342,bellinger
FT,ground_ball,11.829999999999998,36.400000000000006,87.9,-19,force_out,L,10,bellinger
FC,fly_ball,114.27,142.55,106.6,27,home_run,L,428,bellinger
FF,ground_ball,13.959999999999994,16.55000000000001,58.5,-47,single,L,2,bellinger
FF,fly_ball,79.39999999999999,109.22000000000001,105.2,50,field_error,L,318,bellinger
CH,line_drive,-80.87,101.63000000000001,102.8,16,double,L,308,bellinger
FF,line_drive,-56.8,166.45000000000002,106.3,22,triple,L,416,bellinger
FF,line_drive,90.44000000000001,94.22000000000001,105.4,17,double,L,307,bellinger
FF,ground_ball,22.679999999999993,46.68000000000001,101.4,-16,grounded_into_double_play,L,8,bellinger
CU,line_drive,24.019999999999996,51.91,102.7,9,field_out,L,156,bellinger
FF,line_drive,67.33999999999999,174.44,103.1,23,home_run,L,413,bellinger
FC,line_drive,56.719999999999985,119.23,90.9,20,field_out,L,313,bellinger
FF,ground_ball,9.350000000000009,57.66,104.3,-18,field_out,L,5,bellinger
CH,ground_ball,35.36999999999999,53.51000000000002,91.5,-10,single,L,9,bellinger
SI,ground_ball,20.230000000000004,61.99000000000001,97.2,-10,single,L,12,bellinger
FF,ground_ball,30.769999999999996,31.700000000000017,97.1,-9,field_out,L,16,bellinger
FT,line_drive,-41.84,142.20000000000002,95.8,22,field_out,L,352,bellinger
FC,fly_ball,7.890000000000001,173.94,107.7,23,home_run,L,412,bellinger
FT,fly_ball,44.519999999999996,137.66000000000003,91,34,field_out,L,342,bellinger
CH,ground_ball,4.6000000000000085,8.080000000000013,82.9,-21,field_out,L,NA,bellinger
FF,line_drive,37.55999999999999,60.27000000000001,90.2,12,field_out,L,173,bellinger
KC,line_drive,32.019999999999996,100.70000000000002,107.6,9,single,L,162,bellinger
FF,ground_ball,-10.540000000000006,26.860000000000014,77.3,-39,single,L,4,bellinger
FF,line_drive,-24,41.06,93.4,8,field_error,L,155,bellinger
FF,fly_ball,46.14999999999999,173.91000000000003,104.5,28,home_run,L,425,bellinger
FF,line_drive,-51.650000000000006,123.68,103.7,9,single,L,232,bellinger
FF,line_drive,119.92999999999999,126.80000000000001,108.7,22,home_run,L,391,bellinger
FF,fly_ball,66.14999999999999,110.56000000000002,81.7,36,field_out,L,304,bellinger
FF,line_drive,19.980000000000004,112.27000000000001,107.2,11,single,L,220,bellinger
KC,fly_ball,119.32000000000001,131.04000000000002,105.4,32,home_run,L,398,bellinger
KC,line_drive,62.63000000000001,89.74000000000001,104.6,12,single,L,193,bellinger
KC,fly_ball,-61.6,92.91000000000001,85,44,field_out,L,267,bellinger
SL,ground_ball,30.64999999999999,29.450000000000017,86.8,5,grounded_into_double_play,L,78,bellinger
FS,ground_ball,23.549999999999997,38.58000000000001,65.3,-6,field_out,L,10,bellinger
FF,line_drive,-6.710000000000008,152.55,105.8,17,field_out,L,363,bellinger
FF,line_drive,-45.25,85.52000000000001,85.9,10,single,L,163,bellinger
CH,fly_ball,27.019999999999996,167.8,99.3,33,home_run,L,403,bellinger
FC,fly_ball,-88.53,104.10000000000001,93.3,30,field_out,L,324,bellinger
CH,line_drive,-19.730000000000004,144.41000000000003,105.5,13,single,L,298,bellinger
CH,ground_ball,17.469999999999985,22.360000000000014,82.9,-21,field_out,L,NA,bellinger
FT,line_drive,-7.930000000000007,134.25,90.2,24,field_out,L,336,bell
FF,fly_ball,-52.230000000000004,68.61000000000001,81,56,field_out,L,209,bell
FS,ground_ball,33.86,30.07000000000002,105.3,-4,field_out,L,25,bell
FT,ground_ball,36.27999999999999,45.82000000000002,89.6,3,field_out,L,60,bell
FT,fly_ball,-74.62,110.27000000000001,100.5,48,sac_fly,L,316,bell
FT,ground_ball,-18.83,30.680000000000007,91.4,-13,field_out,L,8,bell
FF,line_drive,46.91000000000001,141.99,111.8,15,double,L,293,bell
SL,fly_ball,85.55,107.47000000000001,95.7,43,field_out,L,323,bell
CH,ground_ball,61.11,56.72,84.7,5,double,L,84,bell
SL,line_drive,74.79,80.07000000000001,102.7,11,double,L,192,bell
CU,ground_ball,-3.1500000000000057,50.170000000000016,63.2,-6,grounded_into_double_play,L,14,bell
FS,ground_ball,28.41000000000001,31.890000000000015,94,-11,field_out,L,8,bell
FS,fly_ball,-67.6,65.18,72.5,27,double,L,225,bell
FS,ground_ball,21.749999999999986,47.640000000000015,79.6,-32,field_out,L,3,bell
FT,line_drive,23.019999999999996,139.31,107.3,17,double,L,336,bell
CH,ground_ball,25.38000000000001,44.610000000000014,87.8,-20,field_out,L,5,bell
FF,ground_ball,30.219999999999985,33.71000000000001,92.2,-15,field_out,L,11,bell
CH,ground_ball,18.719999999999985,48.85000000000002,85.4,2,force_out,L,55,bell
SI,ground_ball,-15.200000000000003,42.19,69,-15,field_out,R,8,bell
FF,fly_ball,-44.10000000000001,105.07000000000001,95.7,52,field_out,L,273,bell
FF,ground_ball,7.209999999999994,123.95000000000002,84.7,-1,single,L,44,bell
SL,line_drive,0.28000000000000114,156.15,102.9,16,field_out,L,370,bell
SL,ground_ball,-39.43000000000001,82.16000000000001,108.1,-13,single,L,10,bell
SI,fly_ball,-48.14,151.62,96.4,27,field_out,L,377,bell
CH,fly_ball,-13.900000000000006,115.44000000000001,88.3,48,field_out,L,279,bell
CH,line_drive,70.92,106.58000000000001,86.1,22,field_out,L,303,bell
FF,line_drive,-47.44,48.46000000000001,57.4,39,double,L,167,bell
CH,fly_ball,-57.10000000000001,71.26,67.2,32,single,L,220,bell
FF,fly_ball,-88.74000000000001,118.50000000000001,93.9,33,home_run,L,351,bell
CH,ground_ball,54.499999999999986,76.53000000000002,75.8,-29,single,L,4,bell
CH,ground_ball,28.58999999999999,35.890000000000015,82.3,-5,field_out,L,17,bell
FT,ground_ball,12.329999999999998,46.56,82.9,-40,force_out,L,3,bell
CU,ground_ball,1.6700000000000017,18.110000000000014,82.9,-21,field_out,L,NA,bell
FF,line_drive,60.219999999999985,139.03,101.6,17,double,L,357,bell
FF,fly_ball,34.44000000000001,106.34,101.6,55,field_out,L,267,bell
CH,ground_ball,9.790000000000006,54.68000000000001,82.4,-8,field_out,R,12,bell
NA,ground_ball,-38.97,90.75000000000001,93,-3,single,R,NA,bell
SL,fly_ball,-88.61,118.08000000000001,96.4,38,home_run,R,350,bell
NA,line_drive,81.42,87.19000000000001,99,17,double,L,NA,bell
FT,ground_ball,-11.540000000000006,45.03,97.1,-2,force_out,L,30,bell
NA,ground_ball,32.14999999999999,35.890000000000015,84,-13,field_out,L,NA,bell
NA,ground_ball,22.489999999999995,44.52000000000001,82.9,-21,field_out,L,NA,bell
KC,ground_ball,-9.14,56.120000000000005,106.5,2,field_out,L,66,bell
CH,fly_ball,-39.21000000000001,109.01,94.2,52,field_out,L,278,bell
FF,ground_ball,41.730000000000004,47.03,87,-36,field_out,L,5,bell
CH,line_drive,8.480000000000004,109.92000000000002,89.4,11,single,L,217,bell
CH,ground_ball,4.179999999999993,18.57000000000002,68.5,-2,field_out,R,26,bell
FC,ground_ball,-15.200000000000003,45.82000000000002,70.1,-8,grounded_into_double_play,R,16,bell
CH,line_drive,-40.760000000000005,58.91,82.5,13,single,R,157,bell
FT,line_drive,25.529999999999987,163.73000000000002,112.1,11,double,R,342,bell
SI,ground_ball,-13.379999999999995,28.860000000000014,79.4,-27,field_out,R,4,bell
FC,line_drive,65.96,83.98,105.2,7,double,L,159,bell
FF,fly_ball,-50.11,76.28000000000002,94.3,59,field_out,L,220,bell
FF,fly_ball,-29.070000000000007,171.98000000000002,104.8,35,home_run,L,413,bell
FF,ground_ball,60.510000000000005,80.95000000000002,112.9,2,single,L,71,bell
FF,line_drive,44.67999999999999,147.44,107.9,17,double,L,365,bell
FC,ground_ball,16.89999999999999,49.46000000000001,90.5,-20,grounded_into_double_play,L,7,bell
FT,ground_ball,-23.680000000000007,88.22000000000001,110.7,-1,single,L,43,bell
CH,fly_ball,101.42999999999999,164.91000000000003,116.2,27,home_run,L,454,bell
FF,ground_ball,27.200000000000003,48.85000000000002,105,7,fielders_choice,L,120,bell
FT,ground_ball,17.510000000000005,45.82000000000002,80.5,-21,field_out,L,7,bell
FT,ground_ball,-18.83,31.890000000000015,99.1,-12,field_out,L,9,bell
CH,ground_ball,-21.180000000000007,30.939999999999998,102.7,-15,field_out,R,11,bell
SL,fly_ball,60.05,147.91000000000003,98,26,field_out,L,376,bell
CH,ground_ball,60.58999999999999,93.93,107.3,4,single,L,100,bell
FT,line_drive,-63.800000000000004,110.44000000000001,112.6,10,single,L,225,bell
SL,fly_ball,-68.30000000000001,144.4,100.7,32,home_run,R,379,bell
SL,fly_ball,42.83,176.99,109.7,25,home_run,R,430,bell
SI,ground_ball,7.290000000000006,8.530000000000001,70.1,-61,field_out,L,1,bell
FC,ground_ball,-10.269999999999996,47.900000000000006,100.8,-14,grounded_into_double_play,R,13,bell
SI,ground_ball,67.26,95.75000000000001,86.4,5,single,R,103,bell
CH,line_drive,-59.05,124.20000000000002,109.5,18,field_out,R,326,bell
FF,ground_ball,20.010000000000005,50.920000000000016,99.8,-6,field_out,R,19,bell
FF,fly_ball,31.179999999999993,152.94,98.5,27,field_out,R,370,bell
CH,fly_ball,-30.519999999999996,130.11,82.9,33,field_out,L,318,bell
SL,ground_ball,6.660000000000011,127.69000000000001,103.1,-18,single,L,6,bell
FT,line_drive,30.290000000000006,118.87,106.3,11,double,L,195,bell
SI,fly_ball,74.36999999999999,180.74,110.5,25,home_run,L,460,bell
FF,fly_ball,-14.040000000000006,188.20000000000002,110.4,21,home_run,L,446,bell
CH,ground_ball,22.88000000000001,31.370000000000005,108.2,-4,force_out,L,18,bell
KC,line_drive,4.049999999999997,99.08000000000001,79.1,16,single,L,193,bell
FT,ground_ball,20.33999999999999,95.75000000000001,91.2,6,single,R,115,bell
FF,line_drive,103.99999999999999,114.75000000000001,111.9,21,home_run,L,364,bell
FF,ground_ball,43.32000000000001,104.97000000000001,103.6,-14,single,L,12,bell
SI,line_drive,-28.810000000000002,113.61000000000001,108.8,6,single,L,156,bell
SI,line_drive,49.13000000000001,138.75,99.7,19,double,L,348,bell
FF,line_drive,-60.540000000000006,130.28000000000003,99.1,21,field_out,L,342,bell
SL,line_drive,35.7,111.60000000000001,111.9,9,single,L,163,bell
CU,ground_ball,24.529999999999987,41.99000000000001,96.5,5,field_out,L,88,bell
SI,ground_ball,-16.11,46.56,94.3,-8,single,L,13,bell
FC,ground_ball,-13.570000000000007,48.59,109.4,-8,field_out,L,14,bell
SI,ground_ball,28.58999999999999,33.860000000000014,82.9,-21,field_out,L,NA,bell
CU,line_drive,57.19000000000001,86.74000000000001,84.6,16,single,L,204,bell
FF,ground_ball,6.749999999999986,55.19,100.1,-3,field_out,L,31,bell
FF,fly_ball,-43.83,151.18,105.2,38,field_out,L,373,bell
CH,line_drive,32.80999999999999,40.620000000000005,78.2,12,single,L,160,bell
FT,line_drive,-62.43,138.37,98.2,29,field_out,L,360,bell
FF,fly_ball,45.489999999999995,125.68,93.7,42,field_out,R,318,bell
FF,fly_ball,112.49,167.43,114.9,25,home_run,L,472,bell
CU,line_drive,-63.79,149.01000000000002,107.7,12,double,L,335,bell
FF,ground_ball,21.14,33.71000000000001,77.9,-53,field_out,L,2,bell
SL,line_drive,68.26,109.49000000000001,88.7,22,field_out,L,305,bell
SI,ground_ball,-55.17,73.68,102.8,1,double,L,67,bell
FF,fly_ball,-77.12,100.64000000000001,98.9,49,field_out,L,301,bell
FF,fly_ball,-93.52000000000001,89.27000000000001,90.1,42,field_out,L,306,bell
FT,ground_ball,-14.590000000000003,43.400000000000006,101.2,-15,field_out,L,10,bell
FF,line_drive,-47.05,160.41000000000003,106.9,19,double,L,396,bell
FF,fly_ball,-10.36,113.66000000000001,92.6,48,field_out,R,293,bell
SI,fly_ball,21.42,189.93,111.3,22,home_run,L,451,bell
FC,fly_ball,101.85000000000001,125.23,103.5,27,home_run,L,379,bell
CH,fly_ball,-10.689999999999998,151.10000000000002,96.8,34,field_out,L,360,bell
CH,line_drive,-50.55,95.50000000000001,89.3,18,single,R,259,bell
SI,ground_ball,1.1499999999999915,19.170000000000016,79.3,-30,force_out,R,3,bell
FF,line_drive,68.96999999999998,82.65,108.4,12,double,L,255,bell
CU,fly_ball,55.83999999999999,135.53,92.8,30,field_out,L,346,bell
FF,line_drive,-52.36,132.98000000000002,93.3,19,double,L,340,bell
SI,popup,-34.269999999999996,45.59,53.5,50,single,L,143,bell
SI,line_drive,-10.670000000000002,56.41,99.2,9,field_out,L,187,bell
CH,line_drive,-45.07000000000001,63.20000000000002,76.2,15,single,R,182,bell
CU,line_drive,68.44000000000001,136.66000000000003,97.5,24,double,R,361,bell
SL,ground_ball,-22.17,40.79000000000002,96.9,-8,field_out,R,9,bell
CU,line_drive,-28.10000000000001,48.53,97.2,11,field_out,R,183,bell
FF,line_drive,78.46999999999998,108.66000000000001,89.9,27,field_out,R,317,bell
SI,line_drive,57.7,94.88000000000001,101.8,13,field_out,R,265,bell
FT,line_drive,24.290000000000006,170,104.4,19,home_run,R,407,bell
FS,popup,-38.22,18.57000000000002,80,69,field_out,L,NA,bell
FF,ground_ball,-66.08,80.95000000000002,97.7,-2,double,L,47,bell
CH,ground_ball,24.769999999999996,36.130000000000024,91,-8,field_out,L,18,bell
CU,fly_ball,19.480000000000004,177.91000000000003,102,25,home_run,L,423,bell
CH,ground_ball,19.320000000000007,32.5,92.9,-10,field_out,L,16,bell
FC,fly_ball,47.17999999999999,87.61000000000001,89.2,39,field_out,L,NA,bell
SI,line_drive,-8.659999999999997,167.07000000000002,110.9,19,triple,L,396,bell
KC,ground_ball,1.7600000000000051,14.330000000000013,82.9,-21,field_out,L,NA,bell
CH,ground_ball,-17.620000000000005,43.400000000000006,85,-13,field_out,R,12,bell
CH,fly_ball,107.60000000000001,140.78,105.9,29,home_run,L,416,bell
CH,ground_ball,-8.540000000000006,56.120000000000005,88.7,-8,field_out,L,18,bell
CH,ground_ball,-16.409999999999997,27.05000000000001,81.1,-36,field_out,R,3,bell
FT,ground_ball,-8.540000000000006,15.54000000000002,80.4,-40,field_out,R,3,bell
FC,ground_ball,-15.200000000000003,47.03,96.9,-16,field_out,R,6,bell
FT,ground_ball,47.17999999999999,92.46000000000001,107.7,-13,single,R,12,bell
CH,ground_ball,-22.39,32.150000000000006,71.9,1,grounded_into_double_play,L,41,bell
SL,fly_ball,-85.37,110.96000000000001,101.5,42,sac_fly,R,330,bell
FF,fly_ball,-95,96.09,90.3,35,field_out,L,320,bell
CU,line_drive,-48.71000000000001,107.91000000000001,97.5,10,single,L,226,bell
SL,ground_ball,-37.53,93.93,104,6,single,R,108,bell
SL,fly_ball,-16.409999999999997,173.33,105.3,30,field_out,R,411,bell
FC,line_drive,83.07000000000001,80.08000000000001,96.8,17,double,L,271,bell
FF,line_drive,48.89,155.55,106.8,19,double,L,385,bell
CH,popup,67.7,27.76000000000002,84.6,57,field_out,L,208,bell
FS,ground_ball,21.480000000000004,34.870000000000005,82.9,-21,field_out,L,NA,bell
CU,line_drive,-61.07000000000001,93.71000000000001,98.3,15,triple,L,268,bell
FS,fly_ball,-11.370000000000005,167.69,100.9,30,field_out,L,397,bell
FF,ground_ball,26.049999999999997,47.06,96.3,-13,field_out,L,11,bell
FF,fly_ball,-98.29,140.5,106,29,home_run,R,405,bell
SL,fly_ball,54.17999999999999,117.93,91.6,44,field_out,L,307,bell
FF,ground_ball,-8.540000000000006,55.51000000000002,96.7,-3,field_out,R,25,bell
CH,ground_ball,-4.900000000000006,51.880000000000024,75.4,-2,single,R,26,bell
FT,line_drive,-65.28,89.21000000000001,107.3,14,single,L,265,bell
SI,line_drive,84.10000000000001,77.93,95.4,19,single,R,271,bell
FC,ground_ball,35.07000000000001,30.07000000000002,82.9,-21,field_out,L,NA,bell
FF,ground_ball,34.459999999999994,31.29000000000002,82.9,-21,field_out,L,NA,bell
SI,ground_ball,-18.83,30.680000000000007,94.4,-13,field_out,L,10,bell
FF,ground_ball,35.07000000000001,33.71000000000001,80.3,-10,field_out,L,16,bell
FF,ground_ball,-13.989999999999995,51.880000000000024,94,1,force_out,R,54,bell
CU,line_drive,93.61,97.99000000000001,94.5,21,double,L,318,bell
FF,fly_ball,NA,NA,113.3,22,home_run,L,474,bell
SL,fly_ball,-8.790000000000006,125.50000000000001,81.3,32,field_out,R,301,bell
CH,fly_ball,23.42,181.08,108,23,home_run,L,432,bell
FT,line_drive,-53.7,151.85000000000002,104.8,19,double,L,382,bell
FF,line_drive,25.749999999999986,135.45000000000002,90.4,23,double,L,328,bell
FF,ground_ball,12.049999999999997,33.71000000000001,98.3,-9,fielders_choice_out,L,17,bell
CH,line_drive,24.980000000000004,52.35000000000002,78.9,12,field_out,L,155,bell
CH,ground_ball,72.02,80.95000000000002,92.5,0,single,L,44,bell
FF,fly_ball,-46.68000000000001,143.62,102.4,39,field_out,L,359,bell
FF,ground_ball,20.679999999999993,105.49000000000001,111.5,-4,single,L,23,bell
FF,ground_ball,-18.370000000000005,30.72,107.4,-8,field_out,L,12,bell
FT,line_drive,-54.900000000000006,127.43,98.4,20,field_out,L,330,bell
CU,ground_ball,31.440000000000012,54.30000000000001,95.3,-13,field_out,L,9,bell
CU,ground_ball,17.510000000000005,51.27000000000001,108.4,4,field_out,L,101,bell
FF,ground_ball,1.8100000000000023,2.0600000000000023,82.9,-21,field_out,L,NA,bell
FC,line_drive,-48.7,99.89000000000001,81.2,27,sac_fly,L,267,bell
SI,ground_ball,22.459999999999994,44.16,105.6,-15,field_out,L,9,bell
SL,fly_ball,-2.6200000000000045,142.10000000000002,92.1,35,field_out,L,338,bell
FT,line_drive,-8.159999999999997,119.79,96.3,12,field_out,L,288,bell
CH,ground_ball,35.2,60.98000000000002,81.8,2,field_out,L,60,bell
CU,line_drive,-11.430000000000007,111.25000000000001,103,11,single,L,271,bell
SL,fly_ball,-34.730000000000004,74.12,84.4,58,field_out,L,200,bell
CH,line_drive,63.27999999999999,89.13000000000001,77.7,22,single,L,259,bell
FF,fly_ball,63.69000000000001,171.43,107.3,28,home_run,L,431,gallo
SI,fly_ball,-76.14,88.76,98.4,55,field_out,L,278,gallo
FF,fly_ball,39.519999999999996,189.98000000000002,112.6,27,home_run,L,457,gallo
FF,popup,-30.950000000000003,5.850000000000023,80,69,field_out,L,NA,gallo
CH,line_drive,44.89,72.47000000000001,111.3,11,single,L,205,gallo
NA,line_drive,63.94000000000001,80.04,90.4,15,single,L,NA,gallo
CU,fly_ball,-10.079999999999998,128.57,93.9,45,field_out,L,307,gallo
FF,popup,35.55999999999999,60.900000000000006,80,69,field_out,L,NA,gallo
CU,ground_ball,34.35000000000001,48.18000000000001,82.9,-21,field_out,L,NA,gallo
SL,popup,-15.420000000000002,24.880000000000024,80,69,field_out,L,NA,gallo
CH,ground_ball,33.02999999999999,32.150000000000006,74.5,-4,field_out,L,16,gallo
FF,line_drive,101.02,110.36000000000001,110.1,21,home_run,L,352,gallo
SL,line_drive,99.11,109.94000000000001,106,23,double,L,346,gallo
FF,fly_ball,-37.97,160.78,103,30,home_run,L,NA,gallo
FC,line_drive,41.33,77.37,80.9,19,single,L,211,gallo
SL,ground_ball,22.959999999999994,8.880000000000024,70.2,-1,single,L,29,gallo
CH,ground_ball,29.61999999999999,39.16,74.6,-2,field_out,L,27,gallo
SI,ground_ball,23.61999999999999,51.03,107.1,5,field_out,L,98,gallo
SI,line_drive,50.019999999999996,112.38000000000001,111.9,13,single,L,241,gallo
FF,popup,-37,15.54000000000002,80,69,field_out,L,NA,gallo
FF,line_drive,42.94000000000001,55.51000000000002,101.7,10,single,L,169,gallo
CU,line_drive,94.99,103.72000000000001,111.2,22,double,L,329,gallo
FF,line_drive,61.519999999999996,57,103.7,14,double,L,199,gallo
KC,fly_ball,51.13000000000001,162.08,103.3,25,double,L,400,gallo
KC,fly_ball,-101.71000000000001,136.54000000000002,105.6,43,home_run,L,402,gallo
FF,line_drive,46.92999999999999,97.65,111.2,12,single,L,189,gallo
FF,popup,-54.21000000000001,30.30000000000001,92.2,67,field_out,L,163,gallo
FF,line_drive,77.38000000000001,79.03000000000002,103,18,double,L,260,gallo
FF,fly_ball,-37.96000000000001,111.03000000000002,105.4,54,double,L,280,gallo
FF,ground_ball,35.19000000000001,54.68000000000001,103,-1,field_out,L,38,gallo
FF,popup,-24.75,34.870000000000005,80,69,field_out,L,NA,gallo
FF,fly_ball,29.820000000000007,153.60000000000002,102.5,37,field_out,L,370,gallo
FC,ground_ball,2.469999999999999,16.77000000000001,58.6,-47,field_out,L,2,gallo
FF,fly_ball,33.7,184.74,109.8,29,home_run,L,443,gallo
FT,line_drive,61.63000000000001,61.23000000000002,90,18,double,L,206,gallo
SL,fly_ball,8.269999999999996,143.33,89.2,33,field_out,L,341,gallo
FT,ground_ball,-6.719999999999999,117.29,93.5,5,single,L,95,gallo
FF,line_drive,4.179999999999993,14.330000000000013,85.6,6,field_out,L,88,gallo
FF,ground_ball,-17.019999999999996,36.74000000000001,60.7,-21,single,L,7,gallo
FT,line_drive,34.260000000000005,142.58,111,16,single,L,280,gallo
FS,ground_ball,-0.6599999999999966,19.170000000000016,82.9,-21,field_out,L,NA,gallo
FT,ground_ball,19.320000000000007,45.82000000000002,73.5,-15,field_out,L,6,gallo
FF,line_drive,111.82000000000001,102.95000000000002,114.4,22,home_run,L,356,gallo
FF,fly_ball,-13.189999999999998,105.36000000000001,84.1,49,field_out,L,255,gallo
CH,ground_ball,-17.019999999999996,47.03,69.5,-4,field_out,L,20,gallo
FF,fly_ball,67.08,186.89000000000001,108.6,32,home_run,L,467,gallo
CU,fly_ball,-23.200000000000003,103.44000000000001,102.8,57,field_out,L,254,gallo
CH,fly_ball,65.61999999999999,144.86,100.8,32,home_run,L,376,gallo
KC,fly_ball,-42.55,134.27,91.1,31,field_out,L,335,gallo
FF,ground_ball,33.52999999999999,37.96000000000001,80.6,-23,field_out,L,4,gallo
FF,popup,20.85000000000001,50.130000000000024,102.4,66,field_out,L,156,gallo
FF,fly_ball,-16.650000000000006,147.08,107.3,45,field_out,L,351,gallo
FF,line_drive,60.540000000000006,153.77,112.7,21,double,L,389,gallo
FF,line_drive,50.94000000000001,69.27000000000001,104.4,15,single,L,206,gallo
FT,line_drive,23.309999999999988,116.43,83.4,27,single,L,284,gallo
FF,popup,-10.960000000000008,50.06,107.2,63,single,L,217,gallo
FF,fly_ball,-34.040000000000006,161.38,104.1,41,sac_fly,L,389,gallo
SL,ground_ball,33.249999999999986,29.47,93,-7,field_out,L,17,gallo
CU,line_drive,70.61999999999999,66.13000000000002,91.4,21,triple,L,228,gallo
CH,line_drive,19.11999999999999,139.4,111.4,18,field_out,L,334,gallo
KC,ground_ball,96.24,79.74000000000001,107.6,4,double,L,97,gallo
KC,fly_ball,111.99,108.21000000000001,110.7,35,home_run,L,433,gallo
FF,fly_ball,NA,NA,113.4,33,home_run,L,442,gallo
FF,line_drive,39.540000000000006,97.55000000000001,91,14,single,L,181,gallo
CU,fly_ball,-5.730000000000004,98.41000000000001,90.6,54,field_out,L,237,gallo
FF,fly_ball,84.64,109.44000000000001,86.8,34,field_out,L,325,gallo
CH,line_drive,NA,NA,114.4,17,single,L,304,gallo
FF,fly_ball,NA,NA,110.3,32,home_run,L,439,gallo
SL,line_drive,87.61,97.98,111.8,19,double,L,308,gallo
FF,ground_ball,-10.960000000000008,41.58000000000001,103.7,0,single,L,54,gallo
SI,line_drive,102.74,154.81,115.1,25,home_run,L,436,gallo
KC,ground_ball,16.89999999999999,44.610000000000014,70,-34,field_out,L,3,gallo
CH,ground_ball,16.290000000000006,54.30000000000001,99.3,2,field_out,L,56,gallo
CH,line_drive,31.08999999999999,37.46000000000001,82.2,12,field_out,L,125,gallo
CH,ground_ball,8.179999999999993,53.170000000000016,106.4,-12,field_out,L,10,gallo
EP,line_drive,32.11999999999999,35.33000000000001,91.5,10,field_out,L,122,gallo
CU,ground_ball,31.499999999999986,39.48000000000002,89.2,5,field_out,L,71,gallo
SL,fly_ball,40.86999999999999,100.74000000000001,99.4,55,field_out,L,244,gallo
CH,fly_ball,73.79,172.05,111,31,home_run,L,441,gallo
SL,fly_ball,64.38000000000001,146.62,109.2,40,home_run,L,379,gallo
FF,line_drive,29.14,46.84,109.1,12,double_play,L,172,gallo
CH,ground_ball,32.769999999999996,45.620000000000005,73,0,field_out,L,34,gallo
FF,fly_ball,44.08,168.35000000000002,107.4,33,home_run,L,411,gallo
CU,ground_ball,30.219999999999985,51.27000000000001,79.6,2,single,L,44,gallo
CU,ground_ball,23.559999999999988,24.02000000000001,104.8,1,double_play,L,46,gallo
SL,ground_ball,51.42,60.96000000000001,106.8,2,field_out,L,62,gallo
SL,ground_ball,21.14,60.360000000000014,102.8,7,field_out,L,118,gallo
FT,fly_ball,-86.44,127.52000000000001,104.4,30,double,L,363,gallo
CU,line_drive,-44.93000000000001,106.73,100.7,15,single,L,277,gallo
FC,fly_ball,-32.19,92.67000000000002,79.6,49,field_out,L,236,gallo
FF,fly_ball,-32.879999999999995,180.17000000000002,109.6,33,home_run,L,433,gallo
FF,fly_ball,-76.59,106.29,101,49,field_out,L,310,gallo
CU,ground_ball,11.38000000000001,20.27000000000001,54,-46,force_out,L,3,gallo
SL,line_drive,63.60000000000001,119.10000000000001,115.4,19,field_out,L,318,gallo
FC,ground_ball,19.41000000000001,58.33000000000001,83.9,9,field_out,L,106,gallo
